Loan_ID,Gender,Married,Dependents,Education,Self_Employed,ApplicantIncome,CoapplicantIncome,LoanAmount,Loan_Amount_Term,Credit_History,Property_Area,Loan_Status
LP731069,Male,No,,Graduate,No,7618,0,261.738610002578,324.3371658633313,,Rural,N
LP176414,Female,No,0,Graduate,No,11207,0,144.3086560321545,314.6248223753687,0.0,Urban,N
LP173439,Male,Yes,2,Not Graduate,No,8425,4366,91.31811838487252,371.6686395415748,1.0,Urban,Y
LP329917,Male,Yes,0,Graduate,No,5784,0,193.10831716379226,396.1386905792158,1.0,Urban,Y
LP057844,Male,No,0,Graduate,,7166,0,113.19817810783019,310.04707849760604,1.0,Semiurban,Y
LP248902,Male,No,0,Graduate,Yes,5425,2211,82.08512133620141,368.6720722711179,,Urban,N
LP966406,Male,Yes,1,Not Graduate,No,8575,0,229.3209868350963,251.11926722510142,0.0,Urban,N
LP850773,Female,Yes,0,Graduate,No,9050,2163,135.5716937615322,396.21497139290574,1.0,Rural,Y
LP282244,Male,Yes,2,Graduate,No,1314,3853,207.8249704628278,320.7190493880143,1.0,Semiurban,Y
LP303931,Male,Yes,0,Not Graduate,No,7693,201,165.2779042481028,322.0860801898229,1.0,Urban,Y
LP894673,Male,Yes,3+,Not Graduate,No,9346,2760,59.032669116820855,385.0581353778046,1.0,Semiurban,Y
LP120707,Female,Yes,0,Not Graduate,No,3865,0,312.0227324024554,321.47989213468713,1.0,Urban,Y
LP903222,Female,Yes,2,Not Graduate,No,5423,2620,83.89162574184817,246.34800307288572,1.0,Semiurban,Y
LP451006,Male,No,2,Graduate,No,4819,3488,88.51821199788152,392.86495997302404,1.0,Semiurban,Y
LP852032,Male,Yes,2,Graduate,No,4283,608,64.90842645874804,357.5564889520914,1.0,Rural,Y
LP003389,Male,Yes,2,Graduate,,8783,0,135.92304055174162,397.2744820892433,0.0,Urban,N
LP564779,Male,No,2,Not Graduate,Yes,12428,59,95.57665525205289,341.67561396103304,1.0,Urban,Y
LP835839,Male,No,1,Graduate,No,10708,0,,412.2466361887185,1.0,Semiurban,Y
LP956579,Male,Yes,0,Graduate,No,3664,691,62.11931829307399,374.8326454164531,1.0,Semiurban,N
LP779794,Male,Yes,0,Graduate,Yes,6062,0,443.1029475779963,309.4713337354371,1.0,Urban,Y
LP988967,Male,Yes,3+,Graduate,No,2439,169,282.1827949433621,399.6103442068653,1.0,Rural,Y
LP047962,Male,Yes,1,Graduate,No,3029,4252,98.61955519543389,396.9495825171405,0.0,Rural,N
LP891157,Male,Yes,2,Not Graduate,No,4016,0,166.72791798081192,357.3802607757359,0.0,Urban,Y
LP323121,Male,Yes,0,Not Graduate,No,2486,4473,100.23932767020852,367.54749167894545,1.0,Urban,N
LP265128,Male,Yes,0,Graduate,No,3562,3630,206.00857487079472,350.8809057251289,1.0,Rural,Y
LP541499,Male,Yes,0,Graduate,Yes,5717,3905,63.97856296163778,176.2064973154776,0.0,Urban,Y
LP778770,Male,Yes,1,Graduate,Yes,7130,4957,185.2150525692294,345.4935212490999,1.0,Urban,Y
LP925715,Male,Yes,0,Graduate,No,6906,1871,97.27842112672685,340.3766003720623,1.0,Semiurban,Y
LP638137,Male,Yes,0,Not Graduate,No,6966,0,47.344208222240034,,1.0,Rural,Y
LP361729,Male,Yes,0,Graduate,,1524,3072,128.19764174124748,404.3228503615104,1.0,Urban,Y
LP411411,Male,Yes,0,Graduate,No,2549,782,128.13230197701662,312.6050417558107,1.0,Rural,Y
LP595138,Male,No,1,Not Graduate,Yes,5544,1952,138.74128617309813,365.29341353800226,1.0,Rural,Y
LP096033,Male,Yes,0,Graduate,No,8491,3140,344.10009309737836,406.07578180392875,,Semiurban,N
LP619348,Female,No,2,Graduate,No,20901,0,104.67137075053454,401.8588815826579,1.0,Rural,Y
LP125819,Female,No,0,Graduate,No,6568,726,104.14281024433463,402.8821060308111,1.0,Rural,Y
LP751220,Female,Yes,0,Graduate,No,8843,1922,48.4092351708607,370.01029223109873,0.0,Semiurban,Y
LP646838,Male,Yes,0,Graduate,No,1602,1667,152.26005371822117,356.6207593289129,1.0,Semiurban,N
LP640000,Male,Yes,0,Graduate,No,7303,1883,130.3747231465143,313.8089278235134,1.0,Semiurban,Y
LP806988,Male,Yes,0,Graduate,No,14972,2626,57.27425758498815,33.13108646590878,1.0,Urban,Y
LP412489,Male,No,0,Not Graduate,No,2759,0,136.15570006193687,,1.0,Semiurban,Y
LP313401,Male,Yes,1,Graduate,No,3131,0,66.74494460358467,328.7679011062795,0.0,Urban,N
LP931299,Male,Yes,0,Graduate,Yes,8402,1775,380.71829734705943,364.3430702846681,1.0,Semiurban,Y
LP124426,Male,Yes,1,Graduate,,5521,0,121.14442537239063,370.74227651879755,1.0,Rural,Y
LP589721,Female,Yes,2,Graduate,No,777,1675,57.59431884786251,340.2053816953062,,Semiurban,N
LP555740,Male,Yes,2,Graduate,Yes,2868,0,193.35178777313456,324.0652522145437,1.0,Semiurban,Y
LP256678,Male,Yes,0,Graduate,No,10202,0,60.14574259244765,74.41669274795778,1.0,Urban,Y
LP021376,Male,Yes,0,Graduate,No,4413,0,230.37979883902528,257.12144098318396,0.0,Urban,Y
LP551055,Male,No,0,Not Graduate,,4019,0,52.53075568551105,362.2824099986455,0.0,Semiurban,Y
LP840890,Male,Yes,0,Graduate,No,8049,2327,199.0314491183529,400.1760097619709,1.0,Semiurban,Y
LP534497,Male,Yes,,Graduate,No,5518,2509,216.60343164852958,331.9327317970925,1.0,Semiurban,Y
LP128962,Female,Yes,0,Not Graduate,Yes,3642,813,,393.3625488915167,1.0,Rural,Y
LP045871,Male,Yes,0,Graduate,No,2835,2953,68.97722356856426,331.36462700107563,1.0,Rural,Y
LP429671,Female,Yes,1,Graduate,Yes,20487,0,70.0361505352553,392.92970012891516,0.0,Urban,N
LP234459,Female,Yes,1,Graduate,Yes,11797,3759,198.81121299215644,333.03214068475353,1.0,Rural,Y
LP718291,Male,Yes,0,Graduate,No,7195,938,267.1580726307721,347.0353427649381,1.0,Rural,Y
LP243707,Female,Yes,0,Graduate,Yes,6139,654,91.64972239749088,382.09048553922514,,Semiurban,Y
LP769902,Male,Yes,0,Graduate,No,4484,3904,44.7203947305601,269.56149393024,1.0,Rural,Y
LP974996,Male,No,0,Not Graduate,No,6423,781,59.307709863643986,344.5300321729512,1.0,Rural,Y
LP509303,Male,Yes,0,Graduate,No,3506,3306,67.21447308553715,422.50965794565053,1.0,Semiurban,Y
LP169459,Male,Yes,0,Graduate,Yes,2517,0,103.64292106144427,342.13653932457197,1.0,Semiurban,N
LP181807,Male,Yes,0,Graduate,No,6931,2840,,354.0587890241096,1.0,Semiurban,Y
LP355689,Male,No,0,Graduate,No,4353,0,96.14499567240325,344.71096251214954,1.0,Semiurban,Y
LP641250,Female,Yes,0,Graduate,No,6485,2562,146.37766404818782,369.9722263524389,,Rural,N
LP130172,Male,Yes,0,Graduate,No,6670,2397,280.2922206235135,365.3669681251687,,Urban,Y
LP501075,Male,No,0,Not Graduate,No,7009,0,82.98399230962254,348.0831677365406,0.0,Rural,N
LP284253,Male,No,1,Graduate,No,2181,2532,120.60961932052459,,0.0,Rural,N
LP884468,Male,No,2,Graduate,No,3242,0,176.48523979965722,380.81359547925683,1.0,Urban,Y
LP724332,Female,Yes,0,Graduate,No,3937,970,156.9432692107494,355.077275882537,1.0,Urban,Y
LP238421,Male,Yes,0,Graduate,No,8574,0,151.82818627607676,336.33483018193414,0.0,Semiurban,Y
LP450349,,No,0,Not Graduate,No,8986,0,95.5509785338127,329.60549479050644,1.0,Semiurban,Y
LP387328,Male,No,1,Not Graduate,No,2625,0,176.77870604627068,359.9080700704094,,Urban,N
LP814746,Male,Yes,1,Graduate,,1632,0,140.9967249806854,313.25333413745403,0.0,Semiurban,Y
LP745543,Male,Yes,0,Graduate,No,21215,2876,56.81328605691161,218.7735223286523,1.0,Semiurban,Y
LP751954,Female,Yes,3+,Graduate,,7267,0,138.44244364826645,319.29499655568446,1.0,Rural,Y
LP255127,Male,No,0,Not Graduate,No,1706,1939,106.88359745906284,309.0823424709698,,Urban,N
LP718296,Male,Yes,0,Graduate,Yes,2686,1856,37.289484740644625,356.9159211254354,1.0,Semiurban,Y
LP127411,Male,Yes,1,Graduate,No,9268,2185,372.95668858269823,443.07151786550264,0.0,Urban,Y
LP138110,Male,Yes,2,Graduate,No,16592,0,130.33841150517878,352.6251110636118,1.0,Rural,Y
LP819340,Male,Yes,1,Graduate,No,13904,838,377.50605055679034,12.116640817037595,1.0,Semiurban,Y
LP961742,Male,Yes,2,Graduate,Yes,6367,925,163.86576952437684,306.2132856995782,0.0,Semiurban,Y
LP055691,Female,Yes,0,Graduate,No,4463,0,81.37340600666157,172.91408779571353,0.0,Rural,Y
LP724035,Male,Yes,2,Graduate,No,2028,1269,56.65707328706628,413.5939211185213,1.0,Semiurban,Y
LP512189,Male,Yes,0,Not Graduate,No,4695,1357,136.90726058130582,360.48488299318745,0.0,Semiurban,Y
LP639910,Male,Yes,2,Graduate,No,2198,6304,139.1770101508731,248.48882140492486,1.0,Urban,Y
LP156691,Male,Yes,0,Graduate,No,3992,0,91.96033246324856,345.1790817294466,1.0,Rural,Y
LP477604,Male,Yes,2,Graduate,No,9221,8177,126.14777566529162,310.7133249214639,1.0,Semiurban,Y
LP042697,Male,Yes,0,Graduate,Yes,4623,0,372.56728647661265,325.7081798915131,1.0,Semiurban,Y
LP068934,Male,Yes,1,Graduate,No,3461,4906,383.2143516983639,403.83253336513525,,Semiurban,N
LP201548,Female,Yes,0,Graduate,No,4775,1408,176.9891508598283,326.03270320833366,1.0,Rural,Y
LP465029,Male,Yes,1,Graduate,No,23282,5485,109.18654677928548,372.4827476909037,1.0,Semiurban,Y
LP737070,Male,Yes,0,Graduate,No,1669,806,151.1777353085732,,1.0,Urban,Y
LP003181,Male,No,0,Graduate,No,5081,0,86.02421874656106,360.5405965529704,1.0,Rural,Y
LP245537,Male,Yes,0,Graduate,No,15532,0,165.9209877337032,327.6083165508395,1.0,Semiurban,Y
LP687609,Male,No,0,Not Graduate,No,4698,0,57.32683406943291,380.72788192032897,1.0,Rural,Y
LP700990,Male,Yes,2,Graduate,No,9571,1581,158.95928073266037,370.53242879876734,1.0,Rural,Y
LP511142,Male,No,0,Not Graduate,No,1502,3961,201.52217915314083,334.9253637699649,1.0,Rural,Y
LP855790,Male,No,3+,Graduate,No,4317,3603,,365.2230462087585,1.0,Semiurban,Y
LP434705,Male,Yes,0,Graduate,Yes,2451,0,84.14135361559171,95.4260919758382,1.0,Urban,Y
LP877643,Male,Yes,0,Graduate,No,4292,0,222.48256659152557,392.3823619908946,1.0,Rural,Y
LP001011,Male,Yes,2,Graduate,,4269,0,140.98648686822492,340.99697206217434,0.0,Rural,Y
LP358262,Male,Yes,1,Not Graduate,No,5743,0,135.08453759150535,275.65032832816587,1.0,Semiurban,Y
LP620330,Male,No,0,Graduate,No,7464,0,161.65311562598237,163.74951036350856,,Rural,N
LP757337,Male,No,0,Not Graduate,No,517,2915,76.49269612031458,401.4746671112104,1.0,Semiurban,N
LP720167,Male,No,1,Graduate,No,2794,1393,101.15751925261942,413.72812578753997,0.0,Semiurban,Y
LP014143,Female,Yes,0,Graduate,No,5336,1259,230.2133136335823,198.01373149370826,1.0,Urban,Y
LP760661,Male,No,,Graduate,No,909,0,55.18280067655799,354.7810434480414,0.0,Rural,N
LP141754,Male,No,3+,Graduate,No,7734,3022,144.92689132006493,330.812791671466,1.0,Urban,Y
LP285296,Male,Yes,1,Graduate,No,3424,0,89.8715995720093,389.3216589976444,1.0,Urban,Y
LP522652,Male,Yes,0,Graduate,No,4363,0,110.66531469647742,404.5348003518465,1.0,Rural,Y
LP680870,Male,No,1,Graduate,No,8932,0,77.3969845216976,398.8008523182204,,Urban,Y
LP885071,Male,Yes,0,Graduate,No,9247,0,90.02692901430348,308.2872147928832,0.0,Urban,N
LP969595,Male,No,0,Graduate,No,8451,4553,122.25788664625264,364.58357503187466,0.0,Semiurban,Y
LP020859,Female,Yes,0,Not Graduate,No,1735,0,110.07280230067622,336.03271839548574,1.0,Urban,Y
LP003509,Female,No,0,Not Graduate,Yes,6106,0,78.73724434746228,327.30745099121793,1.0,Urban,Y
LP175412,Male,Yes,2,Graduate,No,7716,0,29.920693778265598,343.41937108881285,1.0,Rural,Y
LP691326,Female,Yes,1,Graduate,Yes,7031,1094,67.05723467316454,119.67454384904453,1.0,Urban,Y
LP090580,Female,Yes,2,Graduate,No,10867,290,79.67067569723828,327.18952125629903,0.0,Rural,N
LP186971,Male,No,0,Not Graduate,No,5253,5059,171.51085379227905,372.22601758826613,0.0,Semiurban,Y
LP775078,Female,No,0,Graduate,No,10331,2684,81.23635033240319,363.359996019047,1.0,Semiurban,N
LP807218,Male,Yes,0,Graduate,No,11670,2802,86.59923024619869,380.6261052978404,1.0,Urban,Y
LP885124,Female,Yes,,Not Graduate,,7830,0,206.11259288128414,156.38199316599568,1.0,Semiurban,Y
LP568585,Female,No,0,Graduate,No,6542,0,115.50285259592067,81.4627471347094,1.0,Semiurban,Y
LP817528,Male,Yes,2,Graduate,No,7487,0,168.4253449169248,383.8632061007042,0.0,Urban,Y
LP016526,Male,No,1,Graduate,No,14962,0,73.72616864671393,62.203151492845365,1.0,Semiurban,Y
LP020442,Male,Yes,0,Graduate,No,10052,1921,228.3991568678607,341.88528711579147,1.0,Semiurban,Y
LP540320,Male,Yes,1,Graduate,Yes,1997,4081,121.25094752940238,411.2183959142729,1.0,Urban,Y
LP165458,Female,Yes,0,Graduate,No,6109,2527,59.975334659747325,411.0718148699721,1.0,Urban,Y
LP348604,Female,Yes,2,Graduate,No,2432,632,202.35119810139292,255.63433488610028,1.0,Rural,Y
LP962579,Male,No,2,Graduate,No,3264,3026,111.51822258883968,349.5054428734117,1.0,Urban,N
LP436092,Male,Yes,0,Not Graduate,No,4119,0,237.6054354021494,364.53619390267164,1.0,Urban,Y
LP421031,Male,Yes,0,Graduate,No,1360,1956,243.20917533264748,326.9809014331333,1.0,Rural,Y
LP377612,Male,No,1,Graduate,No,2413,2924,109.62593297529334,383.48290618382606,1.0,Rural,Y
LP053617,Male,Yes,3+,Graduate,No,11964,0,149.18736321547573,386.2148086322446,1.0,Semiurban,Y
LP219577,Male,Yes,0,Not Graduate,No,3213,1768,122.849086134746,264.8160709593992,,Semiurban,Y
LP039042,Female,No,1,Graduate,Yes,7455,0,249.39504867866546,348.9924160976963,0.0,Urban,N
LP441094,Male,Yes,1,Graduate,No,5518,6082,86.95765277651569,334.5479399101741,0.0,Urban,N
LP917724,Male,Yes,1,Not Graduate,No,7569,1325,46.6163169755612,310.57868931098267,1.0,Rural,Y
LP612741,Male,No,0,Not Graduate,No,7737,0,110.33617619698406,343.6467686069699,,Rural,N
LP308203,Male,Yes,1,Graduate,No,2339,4053,73.31766621854823,343.39608232396364,0.0,Urban,Y
LP032571,Female,Yes,2,Not Graduate,No,9073,596,109.09718324073859,401.4831211632718,0.0,Rural,N
LP492376,Female,Yes,0,Graduate,No,1501,1294,301.94225760925474,345.2763767192326,1.0,Urban,Y
LP582826,Male,No,0,Graduate,No,2425,3979,154.82744592837642,325.1173080889823,1.0,Semiurban,Y
LP418368,Male,Yes,3+,Graduate,No,7286,0,147.2854378092304,240.20769465301026,,Rural,Y
LP818178,Male,Yes,0,Graduate,No,2409,0,121.49012988851025,40.04216655553184,1.0,Semiurban,Y
LP773194,Male,No,2,Graduate,No,710,4845,90.70763906770576,409.50875438581386,1.0,Rural,Y
LP134704,Male,No,0,Graduate,No,6539,3114,134.375936024423,316.10592460243294,,Rural,N
LP078286,Male,Yes,0,Graduate,No,1243,2396,79.60499644086318,122.58958524051032,1.0,Urban,N
LP264220,Male,Yes,2,Graduate,No,7983,3026,166.35901777781513,385.0911210138231,1.0,Urban,Y
LP110793,Male,Yes,0,Graduate,No,4150,0,74.56117418342096,405.34116370281527,1.0,Urban,Y
LP173608,Male,No,0,Graduate,No,6779,3196,73.49955853062487,118.74107890193842,,Semiurban,N
LP423729,Female,Yes,0,Graduate,No,6551,2488,93.67596067205696,,1.0,Semiurban,Y
LP387184,Male,Yes,1,Graduate,No,7171,3361,106.02382607592845,192.99267014944442,1.0,Urban,Y
LP042171,Male,No,0,Graduate,No,7077,0,158.77363305376176,352.55927730109244,1.0,Rural,Y
LP086441,Male,No,0,Graduate,No,1889,0,372.3414826331656,370.5323046318351,0.0,Urban,N
LP090160,,Yes,3+,Not Graduate,Yes,3887,0,201.31623982582556,308.41443239010476,0.0,Semiurban,Y
LP173169,Male,No,0,Graduate,No,6081,1140,234.35600862360695,332.70261842409036,0.0,Urban,N
LP693680,Male,Yes,1,Graduate,No,12838,2465,45.90731206290117,309.41994314397135,,Rural,N
LP308007,Male,No,0,Graduate,No,6895,0,172.42151575237665,412.9050781367374,0.0,Urban,Y
LP000099,Male,Yes,2,Graduate,No,11467,2351,185.3973907169767,183.9651166822179,1.0,Urban,Y
LP930276,Male,Yes,0,Graduate,No,5606,1512,174.82016560460798,159.29315111150004,1.0,Rural,Y
LP901442,Male,No,3+,Not Graduate,No,10707,896,76.59348925019646,368.7795413976731,1.0,Urban,Y
LP527408,Male,Yes,0,Graduate,No,6341,2261,156.83926496837753,170.44514031016956,1.0,Urban,Y
LP354026,Male,Yes,0,Graduate,Yes,10500,879,172.0346281905323,318.149203031446,0.0,Rural,N
LP331087,Male,No,0,Graduate,No,3297,0,93.9013294158428,409.45214925249746,0.0,Semiurban,Y
LP605553,Male,No,0,Graduate,No,14078,2498,170.5831666925803,407.30375542178234,1.0,Rural,Y
LP761461,Female,Yes,0,Graduate,Yes,7219,2429,169.2463316596898,326.89305080913573,1.0,Semiurban,Y
LP856776,Male,No,0,Graduate,No,1675,2185,106.98400110176146,405.94514149902204,1.0,Semiurban,Y
LP310675,Male,Yes,2,Graduate,Yes,6014,0,76.35788459950714,401.41156235829243,1.0,Rural,N
LP311207,Male,Yes,0,Graduate,No,7780,3176,49.31818773757892,388.2971049008604,1.0,Semiurban,Y
LP885418,Male,Yes,0,Graduate,,7537,2572,119.87116202572496,318.6553986945156,0.0,Rural,Y
LP055811,Male,Yes,1,Not Graduate,No,15073,0,76.00310215332159,317.3319510037161,,Rural,N
LP200447,Male,No,1,Graduate,No,3540,2891,89.17318815723928,111.57843024989722,1.0,Rural,Y
LP320274,Male,Yes,0,Graduate,No,14594,508,145.88696612335545,367.3137962369636,0.0,Rural,N
LP848008,Male,Yes,0,Graduate,No,5487,1617,150.1443783014617,174.78771317268138,1.0,Semiurban,Y
LP505742,Male,Yes,0,Graduate,No,3050,1711,84.61789014358361,352.00219073833347,1.0,Rural,Y
LP788658,Male,No,1,Not Graduate,No,3265,0,82.78534152759624,393.68886617838746,1.0,Semiurban,Y
LP151281,Male,Yes,1,Graduate,No,7255,3428,96.63949854020177,123.26411222047982,1.0,Urban,Y
LP966171,Male,Yes,0,Graduate,No,2369,1835,266.48629934294485,,,Rural,N
LP137724,Female,Yes,2,Not Graduate,No,3202,0,,358.5465833921558,1.0,Semiurban,Y
LP138842,Male,Yes,2,Graduate,No,6467,1677,86.38879439999191,193.687776581476,1.0,Urban,Y
LP731725,Male,Yes,1,Not Graduate,,13254,2931,71.12569345546393,306.1708644092031,1.0,Urban,Y
LP673812,Male,No,2,Graduate,No,7538,0,207.08877536970516,393.2572802724033,1.0,Urban,Y
LP178033,Female,No,0,Graduate,,5246,0,177.26031004397893,388.0043514355916,1.0,Rural,Y
LP768821,Female,Yes,0,Graduate,No,7893,349,144.64241172286387,287.63655346377817,0.0,Semiurban,Y
LP252672,Male,No,0,Graduate,No,5446,0,69.56297803143754,314.6706926447242,1.0,Urban,Y
LP368005,Male,No,0,Not Graduate,No,1937,3287,53.6960744872506,333.46783638369754,1.0,Rural,N
LP760786,Female,No,0,Graduate,No,12340,3444,149.56430734977386,406.30503345573305,1.0,Urban,Y
LP010997,Male,Yes,3+,Graduate,No,12095,1518,132.57699953810845,349.9158338884993,1.0,Semiurban,Y
LP372410,Male,Yes,0,Graduate,No,4898,0,72.72528515933271,166.85159508536154,1.0,Urban,Y
LP654135,Male,Yes,0,Graduate,No,3629,1862,130.10870251527152,352.74248593481974,1.0,Semiurban,Y
LP068385,Male,Yes,0,Graduate,,1987,0,120.96987923090347,309.43209879026404,0.0,Semiurban,N
LP367473,Female,No,3+,Not Graduate,No,7885,1334,197.24501463521725,395.24109478766513,1.0,Rural,Y
LP928839,Female,No,0,Graduate,No,8290,2870,149.35847551556378,262.7152093659637,1.0,Urban,Y
LP068359,Male,No,0,Graduate,No,2383,522,132.58133185686768,306.90112953294596,1.0,Rural,Y
LP070450,Male,Yes,0,Graduate,No,4988,442,135.60947691653465,334.0271945366727,1.0,Rural,Y
LP103296,Male,Yes,0,Graduate,No,9022,0,153.1808019209155,427.8066441351816,1.0,Urban,Y
LP538982,Male,No,,Graduate,No,3116,697,125.79297388970821,398.85446793028143,1.0,Semiurban,Y
LP851451,Female,No,3+,Graduate,No,3672,0,52.695183229020735,406.12146533253485,1.0,Urban,Y
LP840111,Female,Yes,0,Not Graduate,No,4648,181,236.21135283203603,323.20359296953797,1.0,Semiurban,Y
LP337248,Male,No,3+,Graduate,No,3083,581,368.6703566260815,454.57267110445446,1.0,Rural,Y
LP991022,Male,No,1,Graduate,Yes,3755,3883,220.16020578674517,310.8167106424103,1.0,Semiurban,Y
LP071032,Male,Yes,2,Graduate,Yes,1345,0,218.5205608613804,319.5288978247862,1.0,Semiurban,Y
LP857690,Male,Yes,0,Not Graduate,No,4252,982,99.7736930072624,542.0841574548882,1.0,Urban,Y
LP639589,Female,Yes,0,Graduate,No,4341,0,266.4085285995967,380.713539007273,1.0,Semiurban,Y
LP170980,Male,Yes,0,Graduate,No,4503,0,145.79784432799377,327.2488447003605,1.0,Semiurban,Y
LP648551,Male,Yes,1,Graduate,Yes,5853,1324,223.59599033942558,371.4976881873967,1.0,Urban,Y
LP927521,Male,No,0,Graduate,No,1655,0,160.8610577422014,307.20796856385715,1.0,Semiurban,Y
LP481583,Male,Yes,0,Graduate,No,1779,4792,59.01890756156206,200.08823543565717,1.0,Semiurban,N
LP725699,Male,Yes,0,Graduate,No,2998,2210,122.40847429754703,405.87866474340234,1.0,Semiurban,Y
LP072740,Male,Yes,1,Graduate,No,1703,1391,176.64782394179056,373.23373241266887,0.0,Rural,N
LP354323,Male,Yes,0,Graduate,No,7945,1819,98.56145022738136,256.5947297818659,1.0,Urban,Y
LP047536,Male,No,1,Not Graduate,No,2800,0,128.43036400016652,310.18807502835523,0.0,Urban,Y
LP771419,Male,Yes,3+,Not Graduate,No,4749,0,109.66707145713877,40.81029894891317,1.0,Urban,Y
LP713171,Male,Yes,0,Graduate,No,2643,0,84.32293912845586,38.005530705866434,1.0,Semiurban,Y
LP459508,Male,No,1,Graduate,No,3233,0,20.442563577515838,340.031404345701,1.0,Rural,Y
LP252521,Male,Yes,0,Graduate,No,5948,2692,29.805918136952187,395.55771323862706,1.0,Semiurban,Y
LP758262,Male,Yes,2,Graduate,No,6242,1362,67.5743756973367,387.3228616357222,1.0,Urban,Y
LP340425,Male,Yes,0,Graduate,No,1945,1528,92.80452231367072,389.81389375614384,1.0,Rural,Y
LP466916,Male,Yes,1,Graduate,Yes,3986,0,217.94090451799636,340.0878994304386,1.0,Rural,Y
LP805474,Female,Yes,2,Graduate,No,2255,0,66.84258603017135,403.00138069948144,1.0,Semiurban,Y
LP054448,Male,Yes,3+,Not Graduate,No,4046,0,65.18328751420512,320.17096077197886,1.0,Semiurban,Y
LP276258,Male,Yes,1,Graduate,No,3159,3762,,218.8873298479417,1.0,Rural,Y
LP859509,Male,No,0,Graduate,No,12461,1312,193.82189498116182,374.63642769783644,1.0,Semiurban,Y
LP865712,Male,Yes,1,Not Graduate,No,8617,5484,496.568434598244,383.8285205159324,1.0,Rural,Y
LP176910,Male,Yes,2,Graduate,No,7201,1612,161.73668008661488,343.47921744496927,1.0,Rural,Y
LP936248,Male,Yes,1,Graduate,Yes,4210,3006,69.57402407327506,60.63707269085767,1.0,Rural,Y
LP962049,Female,Yes,0,Graduate,No,8611,543,22.74080495564579,401.2148569830592,,Semiurban,N
LP412795,Male,No,3+,Graduate,No,4995,694,132.91778936117026,525.8636979148682,1.0,Rural,Y
LP430003,Female,Yes,1,Graduate,No,13283,400,323.07211225836585,321.2227800892696,1.0,Urban,Y
LP522767,Male,No,1,Graduate,No,7888,2688,80.60155566704114,347.2978630353201,0.0,Rural,Y
LP940143,Female,Yes,0,Graduate,No,4194,4058,177.51106969775486,341.6269925667422,1.0,Semiurban,Y
LP729715,Male,Yes,1,Not Graduate,No,12191,0,78.5522096546109,325.66039436403565,1.0,Semiurban,Y
LP864115,Male,Yes,0,Not Graduate,No,4111,0,84.00015914498462,367.64634100512865,0.0,Semiurban,N
LP439439,Male,,1,Not Graduate,No,13072,0,109.85674829719221,306.55505834075154,1.0,Semiurban,Y
LP888512,Male,Yes,0,Graduate,No,11348,0,249.14924389308422,340.07509406378796,1.0,Urban,Y
LP704736,Male,Yes,1,Graduate,No,5083,1211,138.26216758278306,81.01708787547348,1.0,Rural,Y
LP735953,Male,Yes,,Not Graduate,No,1283,4708,154.3816286287619,405.8800259338253,1.0,Urban,N
LP231681,Male,No,0,Graduate,No,6077,7160,81.39723075000425,64.64551874854408,1.0,Rural,Y
LP565905,Male,Yes,3+,Graduate,,1897,2265,138.9003586378592,362.55802302629894,0.0,Semiurban,Y
LP561345,Male,No,0,Graduate,No,2963,0,114.04496962883121,,,Semiurban,N
LP446984,Female,Yes,2,Graduate,No,3006,0,182.22229819831588,364.40978620535935,0.0,Semiurban,N
LP895333,Female,Yes,2,Not Graduate,No,2031,3901,99.16201318377209,393.7039315056245,0.0,Semiurban,Y
LP220653,Female,Yes,0,Graduate,No,5307,0,155.52476382159512,326.59515999950037,0.0,Rural,N
LP366976,Male,Yes,1,Graduate,No,2947,0,24.580203248275843,324.0940617842533,,Semiurban,N
LP345147,Male,Yes,2,Graduate,No,4543,0,39.19923886453254,334.51133721215797,1.0,Urban,Y
LP306098,Female,Yes,0,Graduate,,3474,767,133.45599567858204,170.65319788702843,1.0,Urban,Y
LP628236,Male,No,0,Not Graduate,No,6993,3368,63.94104089845141,393.54881509188755,1.0,Rural,Y
LP154482,Female,Yes,1,Graduate,No,6603,3998,179.70752155737316,332.81929520846586,0.0,Semiurban,N
LP680505,Female,Yes,2,Graduate,No,3293,2248,127.65301481475542,333.2187842041608,0.0,Semiurban,Y
LP231308,Female,Yes,2,Not Graduate,No,7483,4007,132.41464530034926,312.36533063424264,1.0,Semiurban,Y
LP893054,Male,Yes,2,Graduate,No,9769,479,205.13051259377295,360.1715824445505,1.0,Urban,Y
LP951127,Male,Yes,0,Graduate,No,796,0,103.73257939416148,412.9897295606052,1.0,Semiurban,Y
LP331610,Female,Yes,2,Graduate,No,2903,0,44.877335877500855,,1.0,Rural,Y
LP799408,Male,Yes,0,Not Graduate,No,1958,0,84.60823004757594,309.25054717837713,0.0,Urban,Y
LP100139,Male,No,0,Graduate,No,3308,0,229.2467527538784,332.6897633592781,1.0,Urban,Y
LP527154,Male,No,0,Graduate,No,523,1031,257.2929410653214,389.222353629596,1.0,Urban,Y
LP537990,Female,Yes,0,Not Graduate,No,718,0,87.09781308379583,332.3660825686667,0.0,Semiurban,Y
LP877903,Male,Yes,0,Graduate,No,2898,2267,124.117191180745,347.51382607428394,1.0,Urban,Y
LP220287,Male,Yes,0,Not Graduate,No,3084,306,38.76837587108343,400.1728889972665,1.0,Rural,Y
LP234814,Male,Yes,1,Graduate,No,11830,3243,162.60693022727176,59.51584642753762,1.0,Rural,Y
LP993079,Male,Yes,0,Graduate,No,4930,2967,227.11432919825486,188.6766652108149,1.0,Rural,Y
LP115092,,Yes,0,Graduate,,6733,5082,115.66271791119232,360.8585944583446,0.0,Rural,N
LP223211,Male,No,0,Not Graduate,Yes,37437,0,182.81511344538535,228.89201840918025,1.0,Semiurban,Y
LP554427,Male,No,0,Graduate,No,725,0,242.33175908108524,261.5988768431432,1.0,Semiurban,N
LP843933,Female,Yes,0,Not Graduate,Yes,15148,1205,,407.6803433403663,1.0,Semiurban,Y
LP547856,Male,Yes,0,Not Graduate,No,4045,0,37.675339673864265,374.5479856281154,1.0,Semiurban,Y
LP301076,Male,Yes,1,Graduate,No,3189,2045,52.29334518196847,31.705022978661177,0.0,Semiurban,Y
LP041088,Male,No,1,Not Graduate,No,3494,173,169.02364014481674,390.30419382496484,1.0,Urban,Y
LP372462,Male,Yes,1,Graduate,No,5346,0,134.25863789690456,124.91348890712462,1.0,Urban,Y
LP328691,Male,Yes,0,Graduate,No,3844,3927,105.8065314610205,314.155030047911,1.0,Rural,Y
LP030010,Female,No,0,Graduate,No,1793,1013,42.51975789164534,410.33778011053676,,Rural,Y
LP664601,Female,Yes,2,Not Graduate,No,3408,4218,71.90901072583904,378.56593817572997,1.0,Rural,Y
LP881870,Female,No,0,Graduate,No,6581,4987,178.22244821110073,360.00721904672184,0.0,Semiurban,Y
LP750429,Female,Yes,0,Graduate,No,6444,0,290.63010737039895,536.8504248156943,1.0,Semiurban,Y
LP891227,Male,Yes,0,Graduate,No,14050,2277,142.02512238818267,38.448599942842165,1.0,Urban,N
LP487159,Male,Yes,0,Graduate,No,5575,1196,43.61142443302845,343.16854893338694,1.0,Semiurban,Y
LP873836,Female,No,0,Graduate,No,12215,109,157.849577740997,339.99320210801386,1.0,Semiurban,Y
LP921093,Male,No,0,Not Graduate,,4019,5924,135.72293726801894,540.2891381404268,1.0,Semiurban,Y
LP563542,Male,No,1,Not Graduate,Yes,4026,0,113.06762594018124,395.9543483602016,1.0,Semiurban,Y
LP546578,Female,Yes,0,Graduate,No,4889,0,88.99643141750744,342.4679515310581,1.0,Urban,Y
LP552529,Female,No,1,Not Graduate,,5796,3870,131.98044023194848,379.72315824335976,1.0,Urban,Y
LP967069,Male,Yes,2,Graduate,No,9048,4663,185.96326652475972,184.5987375503066,1.0,Urban,Y
LP087917,Male,Yes,2,Not Graduate,,2996,0,106.80550314696721,162.52543089621057,,Urban,N
LP534544,Male,No,1,Graduate,No,2062,4643,105.04642663809153,366.8989355912628,1.0,Urban,Y
LP269040,Male,Yes,3+,Graduate,No,8308,293,115.29710710865461,390.830409287091,1.0,Semiurban,Y
LP497144,Male,Yes,0,Graduate,No,7567,0,154.34246167108054,34.86241450679727,1.0,Semiurban,Y
LP747465,Male,Yes,0,Not Graduate,No,12292,0,150.46638374523062,311.51655871934065,1.0,Semiurban,Y
LP051494,Male,Yes,0,Graduate,No,2867,0,127.93355729066424,367.67498016275164,0.0,Rural,N
LP300158,Male,Yes,1,Graduate,No,4679,0,88.04143197301684,315.4839180074326,1.0,Rural,Y
LP957143,Male,Yes,2,Graduate,No,7937,0,181.80242579852174,168.30083983243043,1.0,Urban,Y
LP811032,Male,Yes,0,Graduate,No,3756,0,234.65533854256472,364.2445685614684,,Semiurban,N
LP042330,Male,No,3+,Graduate,No,8238,935,146.40082014936084,351.08236502803106,1.0,Urban,Y
LP885269,Female,No,0,Graduate,Yes,4580,1910,177.6147429633827,410.41160993954566,0.0,Urban,N
LP425831,Male,Yes,3+,Not Graduate,No,5768,0,145.39937224147948,310.85439235506647,1.0,Urban,Y
LP800133,Male,Yes,0,Graduate,No,1897,3505,68.21262531374956,403.9329128777423,0.0,Urban,N
LP317755,Male,Yes,0,Graduate,No,5858,0,202.11308811540385,383.1132067835099,1.0,Urban,Y
LP031790,Male,Yes,0,Graduate,No,10162,3052,117.58965995643109,355.5150459247982,1.0,Urban,Y
LP741552,Male,Yes,0,Not Graduate,No,8860,0,201.3940938983177,358.4252403022235,0.0,Rural,N
LP348816,Male,Yes,0,Not Graduate,Yes,2149,837,314.68754337002827,329.4646133431728,1.0,Semiurban,Y
LP308415,Male,Yes,0,Graduate,No,13494,0,,344.50100218892413,1.0,Rural,Y
LP123371,Male,Yes,2,Graduate,No,9771,0,79.41398147084998,76.9477061479698,0.0,Semiurban,N
LP853830,Male,Yes,0,Graduate,Yes,1823,0,82.20438830509642,266.14903041697073,0.0,Semiurban,N
LP047683,Male,Yes,0,Graduate,No,3317,1444,185.75760287959096,346.68956965611204,1.0,Rural,Y
LP651085,Male,No,1,Not Graduate,No,2313,0,154.15413931080286,182.26680855759483,0.0,Rural,N
LP568397,Male,No,1,Graduate,No,6480,0,163.9717073009516,380.7878065340284,1.0,Semiurban,Y
LP380158,Female,Yes,0,Graduate,No,3077,3954,116.10992300580438,40.972671574723016,0.0,Urban,Y
LP806659,Male,No,0,Graduate,No,834,0,146.5450368360702,390.6497954893664,1.0,Semiurban,N
LP244333,Male,Yes,0,Not Graduate,No,4597,3189,113.61518467284606,372.0340243732742,1.0,Urban,N
LP286866,Female,No,0,Graduate,No,9734,807,294.255955207252,384.65784859857706,1.0,Rural,Y
LP240303,Male,No,1,Graduate,,5360,2036,107.20155132593871,316.50101970836647,1.0,Rural,Y
LP877998,Male,Yes,0,Graduate,No,7236,4213,87.15377748815686,54.00516271847168,1.0,Urban,Y
LP356380,Male,Yes,0,Not Graduate,No,5691,471,85.85942806695739,313.06057442792144,0.0,Semiurban,N
LP043444,Male,Yes,1,Graduate,No,8405,0,194.6034057118705,349.68708764586177,0.0,Urban,Y
LP037991,Female,Yes,0,Graduate,No,5410,2560,200.27766099338766,378.63597927584755,0.0,Semiurban,N
LP676915,Female,Yes,0,Graduate,No,3956,1689,58.213181913179874,404.4164682581479,1.0,Rural,Y
LP006688,Male,Yes,0,Graduate,No,5832,0,58.38363992104145,370.41343205706045,0.0,Rural,N
LP208223,Male,Yes,3+,Graduate,No,13582,0,179.83904770613879,325.29511550618963,1.0,Urban,Y
LP511410,Male,No,0,Graduate,No,8061,0,107.9333691292489,58.85027993837308,1.0,Semiurban,Y
LP299177,Male,No,2,Graduate,No,2534,2195,38.1752393106969,339.98320438206923,0.0,Semiurban,N
LP941231,Male,Yes,0,Graduate,No,4477,2569,64.72216284180345,,1.0,Semiurban,Y
LP378839,Male,Yes,0,Graduate,No,6708,398,141.10050912219668,107.36188359575388,0.0,Rural,Y
LP717710,Male,Yes,1,Not Graduate,No,3964,2920,416.61020964009623,362.21764246508724,1.0,Urban,Y
LP650698,Male,Yes,3+,Graduate,No,841,0,189.67915354027733,391.2456318416603,1.0,Semiurban,Y
LP687805,Male,No,1,Not Graduate,No,2106,0,71.81350587800695,324.3693825944884,0.0,Urban,Y
LP887879,Female,Yes,2,Graduate,No,3228,0,227.57781510062415,545.8197438824445,1.0,Rural,Y
LP685683,Male,Yes,2,Graduate,Yes,14713,2956,64.98561413118354,329.29825814243236,1.0,Semiurban,Y
LP919725,Male,Yes,0,Graduate,,6782,0,104.14157472877412,72.9823515281589,1.0,Rural,Y
LP460054,Male,Yes,0,Graduate,No,1198,0,250.04740008528964,193.14600814923918,0.0,Rural,Y
LP560229,Male,No,1,Graduate,Yes,4530,0,79.1113536155433,405.1061645347944,1.0,Rural,Y
LP448118,Male,No,0,Graduate,No,10730,2173,311.4973472909465,382.165451744304,1.0,Urban,Y
LP196157,Male,Yes,2,Graduate,,3348,0,31.51747955684126,335.178513436268,1.0,Semiurban,Y
LP643472,Male,Yes,2,Not Graduate,No,9242,0,186.193372647536,376.5866284317669,0.0,Semiurban,N
LP665579,Male,Yes,0,Graduate,,1409,1026,159.31424926045796,179.79935019052752,1.0,Semiurban,Y
LP966004,Male,No,0,Not Graduate,,323,1142,229.46728844738288,66.80191884140456,1.0,Semiurban,N
LP038130,Male,No,2,Graduate,No,9994,5147,139.04780548534637,330.4072860801533,1.0,Urban,Y
LP369943,Male,Yes,0,Graduate,,3425,0,129.69004198445168,333.2489181594986,,Urban,Y
LP822501,Female,Yes,2,Graduate,No,3388,1726,91.73930519143244,363.83224073348606,,Rural,N
LP272406,Male,No,0,Graduate,No,5125,0,101.67992306480797,365.69323496706875,1.0,Semiurban,Y
LP284096,Male,Yes,1,Graduate,No,6533,8067,296.06122445765493,400.2923750916822,1.0,Urban,Y
LP071173,Male,No,0,Graduate,No,453,0,153.9388357502401,390.6889817899171,1.0,Rural,Y
LP371036,Male,Yes,1,Graduate,No,2952,0,189.63829017866806,359.41783665478056,1.0,Rural,Y
LP557234,Male,Yes,0,Graduate,No,5423,2395,130.43828328615376,406.17151384685184,1.0,Rural,Y
LP165946,Male,Yes,1,Graduate,,7209,1052,128.3840079622771,325.0874737290801,0.0,Rural,Y
LP534738,Male,Yes,0,Not Graduate,No,2089,740,38.693850983044705,414.80279679090967,1.0,Rural,Y
LP370675,Male,Yes,1,Not Graduate,No,4352,0,227.4992997827637,489.90639670093753,1.0,Semiurban,N
LP985515,Male,No,2,Graduate,Yes,3380,2027,174.58530833550788,351.38296298938405,1.0,Urban,Y
LP555458,Male,Yes,0,Not Graduate,Yes,5495,551,120.673384843442,323.1765407871413,1.0,Semiurban,Y
LP663294,Male,Yes,0,Graduate,,9219,2016,76.02869057568971,390.4275536961252,1.0,Semiurban,Y
LP066298,Male,Yes,0,Graduate,No,3284,0,211.2768844217972,339.603235893183,1.0,Semiurban,Y
LP727097,Male,Yes,1,Not Graduate,,1359,3656,79.98216774302276,326.6359025077308,1.0,Semiurban,Y
LP414430,Male,Yes,1,Graduate,No,2467,0,183.38198680717286,169.32871584405103,1.0,Semiurban,Y
LP210066,Female,Yes,0,Graduate,No,13734,1453,89.56170136697466,383.393790149241,1.0,Semiurban,Y
LP638017,Male,No,0,Graduate,No,2253,0,163.4513825846347,314.60715441482415,1.0,Semiurban,Y
LP524270,Male,Yes,0,Graduate,No,1648,384,249.54258494039993,394.8145950152197,1.0,Rural,Y
LP347232,Male,Yes,1,Graduate,No,3947,0,130.7315024675614,376.5747298636077,1.0,Semiurban,N
LP103523,Male,Yes,0,Not Graduate,No,4678,0,174.32525283831797,306.12267836794604,1.0,Rural,Y
LP157476,Male,No,,Graduate,No,3226,1204,323.2179030271309,11.179477354049007,1.0,Semiurban,Y
LP605503,Male,No,0,Graduate,No,1428,0,165.7582832021532,383.6270928276328,1.0,Rural,Y
LP147498,Female,No,1,Not Graduate,No,5630,0,72.81151806121139,409.7852235317206,1.0,Rural,Y
LP109418,Male,Yes,0,Graduate,No,5348,1884,158.2488159133121,308.9978408312846,1.0,Urban,Y
LP965560,Male,Yes,0,Graduate,No,7963,3129,108.77032320250154,90.74819942870145,1.0,Urban,Y
LP232251,Male,Yes,1,Graduate,No,5928,0,,327.2378143863994,1.0,Semiurban,Y
LP145337,Male,Yes,1,Graduate,No,13334,2923,108.34349570440006,374.0356959304828,1.0,Rural,Y
LP379887,Male,Yes,,Not Graduate,No,7126,2927,116.84137834737955,238.52887807211997,1.0,Rural,Y
LP732333,Female,Yes,0,Graduate,Yes,7453,0,154.2709321291825,321.10980671139475,1.0,Rural,Y
LP977541,Male,Yes,0,Not Graduate,No,8938,1750,155.36204272501348,403.9013394706667,,Urban,N
LP072983,Female,Yes,1,Graduate,No,5828,1102,194.6610767083734,408.6545176136873,0.0,Semiurban,Y
LP322646,Female,No,1,Not Graduate,No,4572,2696,113.41345221042697,331.98504894744093,1.0,Rural,Y
LP139794,Male,Yes,0,Graduate,No,5237,2186,199.9015127199604,403.24420276907665,1.0,Semiurban,Y
LP897187,Male,Yes,0,Not Graduate,Yes,818,0,,342.6342321777556,,Urban,Y
LP153609,Male,No,0,Graduate,No,4974,1885,110.03953391295448,363.3931401531261,1.0,Semiurban,Y
LP576906,Male,Yes,2,Not Graduate,No,4755,0,181.02718325338816,364.24195998626334,1.0,Rural,Y
LP857255,Male,No,0,Graduate,No,6615,2164,39.70710287854659,367.9521515701708,0.0,Semiurban,Y
LP391684,Male,Yes,0,Graduate,No,9748,5419,155.27817604530978,321.31544489120944,1.0,Semiurban,Y
LP160629,Male,Yes,0,Not Graduate,No,7705,3045,161.55432837287844,352.1542835198415,0.0,Urban,Y
LP202512,Male,No,0,Graduate,No,2499,833,77.5327136341548,83.03982969474109,0.0,Rural,N
LP648900,Female,No,0,Not Graduate,No,7837,2251,169.73579333583754,384.8951989006988,1.0,Urban,Y
LP681630,Male,No,0,Graduate,No,13990,1904,83.2492550639568,361.53835838018904,0.0,Semiurban,Y
LP231465,Female,Yes,0,Graduate,No,10369,2027,184.91315616800006,400.3463223823762,1.0,Semiurban,Y
LP146562,Male,Yes,2,Graduate,Yes,1586,3674,164.8999833128558,365.26867915258583,1.0,Rural,N
LP008892,Male,Yes,0,Graduate,,7056,0,212.62054881643263,356.80516549063225,0.0,Rural,Y
LP911974,Male,Yes,0,Graduate,No,1720,2253,363.622394794088,381.40629822701925,1.0,Rural,Y
LP545501,Male,No,2,Graduate,No,3755,3821,164.34590964607187,381.58718043552346,1.0,Urban,Y
LP990114,Female,Yes,1,Graduate,No,5525,2899,207.67227255248417,410.30774828991554,1.0,Rural,Y
LP806552,Male,No,0,Graduate,No,5146,2263,,179.3176414953629,1.0,Urban,Y
LP943842,Female,Yes,0,Graduate,No,8232,1601,196.20357039309883,325.0799398523547,1.0,Urban,Y
LP873997,Male,Yes,0,Graduate,Yes,14758,0,32.27294053159941,316.2778000047299,1.0,Urban,Y
LP004083,Male,Yes,1,Graduate,,7418,3548,177.46354964758527,336.7335919899176,1.0,Urban,Y
LP421291,Male,No,,Graduate,No,3622,534,57.9467026612988,373.8559951312629,1.0,Rural,Y
LP132816,Female,No,1,Graduate,No,939,0,174.16010200520074,352.01875849841315,1.0,Urban,Y
LP417547,,No,0,Not Graduate,No,11781,0,208.50284968501768,367.0889624611593,1.0,Semiurban,Y
LP087428,Male,No,1,Not Graduate,No,4492,3992,181.0018339697731,406.5001288119223,,Semiurban,Y
LP578695,Male,No,0,Graduate,No,4387,0,41.396597653124765,162.13687079211627,1.0,Semiurban,Y
LP103069,Male,No,0,Graduate,No,5698,1100,89.35001030779982,215.4719561719965,1.0,Urban,Y
LP855782,Male,Yes,0,Not Graduate,No,6494,0,37.604289166837596,352.409332788492,1.0,Semiurban,Y
LP788803,Female,Yes,3+,Graduate,No,5789,4615,352.34742373593156,329.8093262020516,1.0,Semiurban,Y
LP499192,Female,Yes,0,Graduate,No,4265,1335,200.38483438269935,225.4344167892759,1.0,Urban,Y
LP406599,Male,No,1,Graduate,Yes,3826,1489,193.85266996171768,372.85227327606293,1.0,Urban,Y
LP021214,Male,No,0,Not Graduate,No,3039,0,60.9725495089219,394.1788373609612,1.0,Rural,Y
LP401499,Male,Yes,0,Graduate,No,2544,2313,87.99988681449177,358.38474006273583,0.0,Urban,N
LP808742,Male,No,0,Graduate,No,2622,1826,110.55708598396919,341.6366718591143,1.0,Rural,Y
LP221315,Female,No,0,Not Graduate,No,4645,0,242.6383912756129,351.8703369139565,1.0,Rural,Y
LP769205,Male,Yes,2,Not Graduate,No,2153,0,91.5386364327859,317.1930722821707,0.0,Rural,N
LP138195,Female,Yes,0,Graduate,No,300,5458,315.4096887470382,,1.0,Urban,Y
LP843243,Male,No,1,Graduate,Yes,3702,897,46.10288529759118,332.63890337018006,1.0,Semiurban,Y
LP101046,Female,Yes,2,Not Graduate,No,1985,0,106.38224290321111,197.52102437095576,1.0,Rural,Y
LP211121,Male,No,3+,Graduate,,5881,3691,241.57930924054963,307.9105359174208,1.0,Semiurban,Y
LP111535,Male,Yes,0,Graduate,No,3425,0,79.54293157993557,348.790771500765,1.0,Semiurban,Y
LP335830,Female,No,0,Graduate,No,7224,1037,90.42104916789698,382.47464655272546,1.0,Urban,Y
LP288960,Male,No,0,Not Graduate,No,2114,0,153.58164145142138,364.68952554488067,0.0,Semiurban,Y
LP489742,Male,No,,Graduate,No,999,0,72.31221808186382,206.6928108609695,,Rural,N
LP948219,Female,Yes,3+,Not Graduate,No,5152,2792,43.637690707376386,377.93891564382795,,Urban,N
LP639259,Female,No,0,Not Graduate,No,3374,931,76.1417943279188,330.82883256826966,0.0,Urban,N
LP117766,Male,No,2,Graduate,No,1504,0,272.17823376815403,413.4586988296379,0.0,Urban,Y
LP687833,Male,Yes,0,Graduate,Yes,7574,0,120.70839560908351,361.8729540703358,1.0,Urban,Y
LP103449,Male,No,1,Graduate,Yes,1974,0,69.6065269475259,406.34920824851275,1.0,Semiurban,Y
LP255368,Male,Yes,0,Graduate,Yes,2488,1937,64.35321917079749,382.1884475261559,1.0,Urban,Y
LP118540,Male,Yes,2,Graduate,No,10300,4076,230.98351089561336,312.651503379299,0.0,Rural,N
LP897523,Male,Yes,0,Graduate,No,6471,4957,98.48639488262691,340.77358036633166,1.0,Urban,Y
LP866494,Male,Yes,2,Graduate,No,2262,2338,169.9132222365296,392.95600367989346,0.0,Rural,N
LP713891,Female,Yes,2,Not Graduate,No,3246,1297,105.29820439511916,325.05464750642165,0.0,Semiurban,N
LP092851,Male,No,1,Graduate,No,1699,0,169.4043183006118,113.80960570318818,,Semiurban,N
LP038462,Male,Yes,0,Graduate,No,7663,2602,240.73432443538118,205.28461455106626,1.0,Semiurban,N
LP097844,Male,No,0,Graduate,No,8004,0,212.53466422625942,,1.0,Semiurban,Y
LP673763,Male,Yes,0,Graduate,No,13632,0,72.7028737069469,37.90698155609322,1.0,Rural,Y
LP027260,Male,Yes,0,Graduate,Yes,17668,1318,102.88968650716792,356.4797918313786,1.0,Rural,Y
LP684683,Male,Yes,0,Graduate,No,2738,0,,325.7523410939928,1.0,Urban,Y
LP730062,Female,No,3+,Graduate,No,6821,754,242.6106183936649,343.029413483132,1.0,Urban,Y
LP358183,Male,Yes,0,Graduate,No,934,1863,68.81805134710679,278.19355708048283,0.0,Rural,N
LP035049,Male,Yes,0,Graduate,Yes,6139,0,181.35299672080882,368.76296679373013,0.0,Semiurban,N
LP992562,Male,No,0,Graduate,No,6151,1922,143.28757799127467,31.44915414991241,1.0,Semiurban,Y
LP211665,Male,Yes,0,Graduate,No,2538,0,85.64305944824186,390.1814533211804,1.0,Rural,Y
LP956680,Male,Yes,1,Not Graduate,Yes,2951,0,49.24239212698706,,1.0,Urban,Y
LP723411,Male,Yes,0,Graduate,Yes,9255,4316,87.88405331129901,365.6698178996979,1.0,Rural,Y
LP055697,Male,No,3+,Graduate,No,5597,0,101.83293605524366,396.514976303739,1.0,Semiurban,Y
LP877294,Male,Yes,0,Graduate,No,12876,1038,126.33536984559699,187.8599160989026,1.0,Urban,Y
LP467331,Male,No,,Graduate,No,13823,0,114.2264956952026,360.34153465778616,1.0,Semiurban,Y
LP536258,Female,Yes,2,Graduate,No,985,2708,195.9420969341782,503.12296145010987,1.0,Semiurban,Y
LP029638,Male,No,0,Graduate,No,2831,0,203.80653965302247,318.1442855587945,1.0,Urban,Y
LP671948,Male,No,3+,Graduate,Yes,2221,2198,251.90836382329277,358.41280168126656,0.0,Semiurban,Y
LP792412,Male,,0,Graduate,No,7005,2048,94.65704396403947,367.00876621223205,1.0,Semiurban,Y
LP116851,,Yes,2,Graduate,No,6278,734,137.42863458013397,403.2118610807159,1.0,Semiurban,Y
LP467292,Male,No,0,Graduate,No,2121,1331,258.7125738320334,325.0833429712143,1.0,Semiurban,Y
LP373581,Male,Yes,2,Graduate,No,2437,6697,109.55393038302796,322.6381906858432,,Urban,N
LP813359,Female,Yes,2,Not Graduate,No,9847,4707,102.44635524659267,389.1303979076333,0.0,Urban,Y
LP170207,Female,Yes,2,Graduate,No,3167,782,157.20140691610683,359.5831233938065,1.0,Semiurban,Y
LP846617,,No,2,Graduate,No,730,503,181.30184094091152,329.0491883205704,0.0,Semiurban,Y
LP842569,Male,No,0,Graduate,No,2212,6621,134.6727947591288,318.5495982304102,1.0,Semiurban,Y
LP616652,Male,No,0,Graduate,No,13770,0,90.1387208450773,195.22121379645475,,Urban,Y
LP012720,Male,Yes,0,Graduate,No,8187,2687,67.2289363794745,360.1776531300065,1.0,Semiurban,Y
LP762984,Male,Yes,0,Graduate,,1642,0,93.74614022022153,332.901357375074,1.0,Rural,Y
LP048324,Male,No,1,Graduate,No,5236,0,56.64256669302352,367.2334186098601,1.0,Semiurban,Y
LP613349,Male,Yes,0,Graduate,No,9135,803,245.85690081680022,409.3548974038194,1.0,Semiurban,Y
LP863576,Female,Yes,3+,Graduate,No,1106,0,49.9331779325448,,1.0,Rural,Y
LP769719,Male,Yes,1,Graduate,No,8312,6591,85.295593920951,40.709965766901995,1.0,Rural,Y
LP385657,Male,Yes,2,Graduate,No,6665,791,144.0071721592396,231.1298585090697,1.0,Semiurban,Y
LP785525,Male,Yes,0,Graduate,No,2357,2479,121.94722296241095,326.324547972367,1.0,Rural,Y
LP661911,Male,Yes,2,Graduate,,7565,450,77.38636018752797,366.1217928724632,1.0,Urban,Y
LP787464,Male,Yes,3+,Not Graduate,No,6068,1572,164.48375594101773,291.6033275696565,1.0,Rural,Y
LP142323,Male,Yes,0,Graduate,No,6672,0,56.978551830820024,334.23204117923575,1.0,Urban,Y
LP212959,Male,No,1,Graduate,No,5364,1088,135.98226247914533,379.61826733368946,1.0,Urban,Y
LP068239,Male,Yes,2,Graduate,Yes,2629,0,85.16206574926119,399.76354954400574,1.0,Rural,Y
LP875014,Male,Yes,0,Not Graduate,No,2909,2503,48.262159153087495,309.8387153950331,1.0,Semiurban,Y
LP570418,Male,No,0,Graduate,No,3488,0,103.33632251340032,51.65816653371473,1.0,Urban,Y
LP086721,Female,Yes,0,Graduate,No,4411,0,201.3027428398673,324.2471049261374,1.0,Urban,Y
LP832075,Male,No,0,Graduate,No,6421,188,86.14844570480996,408.17756174208307,1.0,Semiurban,Y
LP245269,Male,No,0,Graduate,Yes,15008,0,168.7867284368359,376.7137369357731,1.0,Semiurban,Y
LP990552,Female,Yes,0,Graduate,No,4812,1928,130.34486764940826,192.81075453552893,,Semiurban,N
LP952652,Male,Yes,0,Graduate,No,7660,0,71.12553168494199,337.6468083859167,0.0,Urban,Y
LP515635,Female,No,0,Not Graduate,Yes,9686,0,99.6142632083708,406.9227586651848,1.0,Urban,Y
LP062830,Male,No,3+,Graduate,No,7297,620,110.5895272628905,326.1544191679493,1.0,Urban,Y
LP819042,Female,Yes,0,Graduate,,2201,0,21.36167827962225,328.27484268011744,0.0,Semiurban,Y
LP465458,Male,Yes,3+,Not Graduate,No,10714,0,44.26293660744421,420.871843059757,1.0,Urban,Y
LP604266,Female,Yes,0,Graduate,No,8567,3147,108.02898100829651,190.02625965158236,,Rural,N
LP707612,Male,,0,Graduate,No,5214,0,57.144006197148194,398.7279952239762,,Urban,Y
LP282537,,Yes,0,Graduate,No,2243,836,207.68396078816914,348.00847951845105,1.0,Urban,Y
LP594952,Male,No,0,Graduate,No,5423,4294,139.16344485197314,367.6392168254403,,Rural,N
LP514379,Male,Yes,0,Graduate,No,1235,2198,134.19916947650327,323.80104373456305,1.0,Rural,Y
LP487272,Female,Yes,1,Not Graduate,No,10699,0,90.14934161933047,316.9481315231873,0.0,Urban,Y
LP368949,Male,Yes,0,Graduate,No,3155,3908,81.32554090212336,371.23061108314147,1.0,Rural,Y
LP438808,Male,Yes,1,Graduate,No,3515,0,160.15592886208157,310.5649228813506,1.0,Urban,Y
LP186133,Male,Yes,1,Graduate,No,11841,0,192.5002526772247,322.07886626102214,1.0,Rural,Y
LP915995,Male,Yes,0,Not Graduate,,9250,0,316.81320196253574,381.4570599311277,1.0,Semiurban,Y
LP933772,Male,Yes,0,Not Graduate,No,5559,4217,221.9507665901456,330.63888814942067,1.0,Semiurban,Y
LP480365,Male,No,2,Not Graduate,No,13274,0,231.46187665287934,367.1902353175434,0.0,Semiurban,Y
LP138225,Female,Yes,0,Graduate,No,2040,2979,187.15088267245713,363.90200836734226,1.0,Rural,N
LP332823,Male,Yes,0,Graduate,No,6132,0,123.71741324748314,318.6889094453646,1.0,Urban,Y
LP590264,Male,No,,Graduate,No,2072,1817,77.04204193409784,384.6602677859018,0.0,Semiurban,Y
LP242671,Female,No,0,Graduate,No,9257,4003,38.75871716011421,379.89653951665724,1.0,Semiurban,Y
LP892548,Female,No,1,Graduate,No,8545,911,94.70108027679342,246.35194311368107,1.0,Rural,Y
LP717956,Male,,,Graduate,No,13715,1792,217.6101152903743,200.46108911686974,1.0,Rural,Y
LP925428,Male,Yes,0,Graduate,No,5060,1870,90.1411851604209,284.00206080742475,1.0,Urban,N
LP528250,Male,Yes,0,Graduate,No,18509,1615,,334.20790131654593,1.0,Urban,Y
LP972157,Male,No,0,Graduate,Yes,2044,3040,81.74324145903847,391.25465061067325,1.0,Urban,Y
LP531623,Male,No,0,Graduate,Yes,4909,0,155.19516519725855,399.1832155377695,,Urban,N
LP746419,Male,Yes,0,Graduate,No,2469,853,111.59430259252161,336.4372064698598,1.0,Rural,Y
LP649267,Male,No,1,Graduate,No,5904,594,18.461388178836213,378.46337087412064,,Semiurban,Y
LP460937,Male,Yes,0,Graduate,No,2041,0,,355.62526424010986,1.0,Urban,Y
LP485606,Female,Yes,0,Graduate,Yes,11132,1496,204.84268409028869,439.41901530803176,1.0,Semiurban,Y
LP566918,,Yes,,Graduate,No,6182,0,33.354620284692956,324.2267437692898,1.0,Urban,Y
LP662982,Male,Yes,2,Graduate,No,2079,2999,135.27042222149387,117.22468022554378,0.0,Urban,N
LP379723,Male,Yes,1,Graduate,Yes,8692,0,155.05796278662137,211.9703966399274,1.0,Urban,Y
LP612232,Male,Yes,0,Not Graduate,No,11160,1905,58.66331014294135,334.3569275517733,1.0,Semiurban,Y
LP451736,Female,No,1,Graduate,No,6958,723,194.12550978240805,185.03034464071845,1.0,Urban,Y
LP843684,Male,Yes,0,Graduate,No,1609,3042,249.87941632798243,362.5026851890392,1.0,Semiurban,Y
LP496157,Male,Yes,0,Graduate,No,4746,3224,54.45722527101188,536.7438890178151,0.0,Semiurban,N
LP685247,Female,No,0,Graduate,No,7982,0,86.04427966327748,339.12490616584074,1.0,Semiurban,Y
LP801368,Female,No,2,Graduate,,4169,0,156.32750966227354,185.33059519282247,0.0,Rural,Y
LP222038,Female,No,0,Graduate,Yes,1886,1895,250.38054216245928,360.19969282489507,0.0,Urban,Y
LP203323,Male,No,0,Not Graduate,No,9678,1611,,85.26069371688149,1.0,Urban,Y
LP781992,Male,No,0,Graduate,No,4164,4467,202.57021281648238,324.1353595530289,1.0,Rural,Y
LP483293,Male,Yes,0,Not Graduate,No,11729,0,121.88682993012435,,1.0,Urban,Y
LP768081,Female,Yes,2,Graduate,Yes,3432,1726,87.82401592214372,159.24042093142612,0.0,Urban,N
LP325495,Female,Yes,1,Graduate,No,4025,2551,42.6984213405346,527.0839172175746,1.0,Urban,Y
LP219863,Male,Yes,2,Not Graduate,No,2721,2846,84.33856613457144,375.06359992824076,0.0,Semiurban,N
LP510099,Male,Yes,0,Graduate,No,3651,1204,68.51448732640424,330.2905452261374,1.0,Urban,Y
LP122001,Male,No,0,Graduate,No,6550,0,316.1930803366969,359.2161662762071,1.0,Urban,Y
LP801533,Female,Yes,0,Graduate,No,2489,0,224.30315023683713,65.55881404758554,1.0,Rural,Y
LP088405,,Yes,0,Graduate,No,1772,0,108.11410549078224,176.7845950502096,1.0,Rural,Y
LP988662,Male,Yes,0,Graduate,No,1229,2239,,527.3692836862973,1.0,Semiurban,Y
LP441803,Male,No,2,Graduate,Yes,1092,1749,73.16280681887228,317.57388416863824,0.0,Semiurban,Y
LP518893,Male,Yes,0,Graduate,No,1333,0,213.85146267008963,351.0700168519537,1.0,Urban,Y
LP492811,Female,No,0,Graduate,No,3061,243,94.0753839119136,,1.0,Semiurban,Y
LP650954,Female,Yes,0,Graduate,,5860,0,90.60986115104369,310.331199300109,1.0,Semiurban,Y
LP173253,Female,Yes,0,Graduate,No,6084,0,115.94790086272221,344.3536436837699,1.0,Rural,Y
LP478520,Male,Yes,0,Graduate,No,5144,0,60.932918957687576,324.45936559994095,1.0,Semiurban,Y
LP768316,Male,No,3+,Graduate,No,11691,0,127.9113738458742,340.92563585091716,1.0,Rural,Y
LP034330,Male,Yes,2,Graduate,Yes,16163,1152,84.02470998847384,399.7744833645818,1.0,Rural,Y
LP800742,Male,No,3+,Graduate,No,3342,310,160.79640362615717,308.24913563664177,0.0,Rural,Y
LP899915,Female,Yes,0,Not Graduate,,2290,2338,261.6088556912333,366.7386524209921,,Semiurban,N
LP367809,Female,Yes,0,Graduate,No,19325,0,127.85908845333913,360.95230700071875,0.0,Semiurban,N
LP678045,,No,0,Graduate,No,10629,0,146.28112232405903,396.8967221299119,1.0,Urban,Y
LP838943,,No,0,Graduate,No,8802,0,194.54339861841672,320.5299260585011,1.0,Semiurban,Y
LP374328,Male,No,2,Graduate,Yes,3435,1252,45.64163679456343,426.9493105554535,1.0,Semiurban,Y
LP457229,Male,No,0,Graduate,No,9539,2161,87.59147447264975,409.5281627338976,0.0,Semiurban,N
LP711419,Female,No,0,Not Graduate,No,5641,0,216.1015362587037,323.05511130084057,1.0,Semiurban,Y
LP129208,Female,No,0,Graduate,No,4581,1670,259.47752146140266,412.6292205284956,1.0,Semiurban,Y
LP350601,Male,No,0,Not Graduate,No,3928,1542,196.77061116639226,333.5651974553679,1.0,Rural,Y
LP481561,Male,No,1,Not Graduate,No,7621,964,306.6414162112237,199.06705327039924,1.0,Semiurban,Y
LP286067,Male,No,0,Not Graduate,Yes,13393,0,75.17418378505991,384.3429202810662,1.0,Semiurban,Y
LP160380,Female,Yes,0,Not Graduate,No,17143,4957,198.81729217463243,184.0260185559965,1.0,Urban,Y
LP656518,Male,No,0,Graduate,No,3254,2575,134.0101221209346,307.06444743294014,1.0,Rural,Y
LP215108,Male,Yes,0,Graduate,No,6184,1331,32.79369233026857,399.7313439251741,1.0,Semiurban,Y
LP428719,Male,No,2,Graduate,Yes,5142,0,172.9902768805952,,1.0,Semiurban,Y
LP042484,Male,No,2,Graduate,No,6055,0,104.29896396654904,337.058043610223,1.0,Urban,Y
LP990113,Male,Yes,3+,Graduate,No,3969,0,299.16543932078184,397.0604116974723,1.0,Rural,Y
LP302077,Male,No,2,Graduate,No,3221,0,149.05131225865946,175.00444747613182,1.0,Rural,Y
LP147382,Male,Yes,0,Graduate,No,3325,0,89.41309297178125,348.84396904406816,1.0,Urban,Y
LP817397,Male,Yes,1,Graduate,No,3635,142,118.41722409993388,349.6453474761905,1.0,Semiurban,Y
LP265584,Male,No,0,Graduate,Yes,4661,2332,102.97298353132992,409.66448581126616,1.0,Urban,Y
LP451049,Male,Yes,0,Graduate,Yes,1559,0,55.678387713378754,405.029948152047,1.0,Semiurban,Y
LP381657,Female,No,2,Graduate,No,3527,0,113.4152681567838,393.81898009342234,0.0,Urban,N
LP959187,Male,No,0,Not Graduate,No,6334,5556,81.47876827244227,339.48676481429527,1.0,Rural,Y
LP451930,Male,Yes,2,Graduate,No,5862,0,177.10145694786934,310.67874048272085,1.0,Rural,Y
LP472084,Female,Yes,0,Graduate,No,5002,0,386.0990065090336,330.0023382869185,1.0,Semiurban,Y
LP301532,Male,Yes,1,Graduate,No,10369,4053,92.4777170665726,331.8615923654281,1.0,Semiurban,Y
LP291555,Male,Yes,1,Graduate,No,7241,0,291.50255602461533,342.63230889428604,1.0,Urban,Y
LP110884,Male,No,2,Graduate,No,10531,3041,54.763092623578636,333.85056415532233,0.0,Urban,Y
LP712172,Male,Yes,1,Graduate,No,16239,0,196.44953510136122,409.2711961577224,1.0,Rural,Y
LP775795,Male,Yes,1,Graduate,No,9718,3601,145.55104910856494,33.10372196374517,,Semiurban,Y
LP719867,Male,Yes,0,Graduate,No,1878,2668,180.39578710702406,396.50168976147813,0.0,Semiurban,N
LP714188,Male,Yes,0,Graduate,No,5045,0,220.59490283357457,367.50025237412893,1.0,Urban,Y
LP930448,Male,No,0,Graduate,No,5100,1720,,318.5833560128875,,Semiurban,N
LP215121,Male,Yes,1,Graduate,No,11575,0,47.77188799835896,306.76597895560286,1.0,Rural,Y
LP003508,Male,No,0,Graduate,No,4331,0,185.23896420830025,317.8933705082082,1.0,Urban,Y
LP269376,Male,Yes,1,Graduate,No,2348,0,163.86012750140577,56.75805710347718,1.0,Rural,Y
LP904162,Male,No,0,Not Graduate,No,3573,853,91.80371703274943,400.0130823766898,1.0,Urban,Y
LP997857,Male,Yes,0,Graduate,No,1877,0,128.6902115487176,171.01369440142767,1.0,Rural,Y
LP240946,Female,Yes,1,Graduate,No,231,1958,,397.85312884173885,1.0,Semiurban,Y
LP336555,Male,No,0,Graduate,No,14107,0,135.64254209845427,408.89957142212415,1.0,Rural,N
LP440185,Male,Yes,0,Graduate,Yes,4968,1727,,397.99482106479536,0.0,Semiurban,Y
LP210028,Male,No,0,Graduate,No,1840,8988,131.49614747288587,280.2234205801461,1.0,Urban,Y
LP037538,Male,No,3+,Graduate,No,15079,4863,74.66821541359514,57.98979366926757,0.0,Semiurban,Y
LP930091,Male,Yes,1,Not Graduate,No,15063,1847,86.74455489225643,347.4496230929876,1.0,Urban,Y
LP324585,Female,Yes,0,Graduate,No,6210,0,117.92341772882973,88.11236380785049,1.0,Semiurban,Y
LP354682,Female,No,0,Graduate,No,1673,952,,411.99240747991377,1.0,Semiurban,Y
LP546246,Male,Yes,0,Graduate,No,3721,1470,159.59007049100006,313.3406623316168,1.0,Rural,Y
LP193696,Female,Yes,2,Graduate,No,4713,3777,136.46552981938945,306.4253260831595,1.0,Semiurban,Y
LP747728,Male,Yes,1,Graduate,No,5044,0,67.65403545637973,338.2134289226545,1.0,Rural,Y
LP885517,Male,Yes,0,Graduate,No,2200,0,241.8087018678313,334.71118582360316,1.0,Rural,Y
LP588552,Male,Yes,0,Graduate,No,7733,797,204.36807471795024,395.1070125115031,1.0,Semiurban,N
LP306157,,No,0,Graduate,,784,0,180.4962885430632,403.776557683511,,Urban,N
LP508444,Male,No,1,Graduate,No,9857,0,,371.2463366606643,1.0,Semiurban,Y
LP835588,Male,No,2,Not Graduate,No,12200,725,242.15825865006164,351.02853607951266,1.0,Semiurban,Y
LP042743,Male,No,0,Graduate,No,3812,394,176.8470823015457,36.258385164035815,1.0,Urban,Y
LP492012,Male,Yes,0,Not Graduate,,5150,416,262.87423032307834,379.3108518217654,0.0,Rural,Y
LP528495,Male,No,0,Graduate,No,11090,0,193.31615387539802,322.2811710189584,1.0,Semiurban,Y
LP386733,Male,Yes,3+,Not Graduate,No,6507,0,93.17609175276982,412.3294666337731,1.0,Urban,Y
LP557668,Male,Yes,0,Graduate,No,3861,4342,195.83084847106585,366.6572152172111,1.0,Urban,Y
LP935807,Male,Yes,2,Not Graduate,No,4228,3062,39.42332982230893,162.4924279838236,0.0,Rural,Y
LP352783,Male,Yes,1,Not Graduate,No,7145,1665,115.49083230195545,383.1304469422597,1.0,Semiurban,Y
LP405376,Male,No,0,Graduate,No,15494,0,352.18067593881074,189.01072616084804,0.0,Urban,N
LP132079,Male,No,0,Not Graduate,No,4018,0,66.3891994911534,373.999653270207,1.0,Urban,Y
LP335795,Male,Yes,0,Graduate,No,3665,0,45.731416000683225,370.6667142431269,1.0,Urban,Y
LP436922,Female,Yes,1,Graduate,No,4290,3251,94.85051060212861,325.95928740960846,1.0,Rural,Y
LP211195,Male,,2,Graduate,No,4360,2226,122.34667333843679,351.76437696487295,1.0,Rural,Y
LP013733,Male,Yes,1,Graduate,No,6125,3082,,306.0688373150906,1.0,Semiurban,Y
LP685057,Male,Yes,0,Graduate,No,4861,0,126.15749273633179,306.3620703807575,1.0,Urban,Y
LP184296,Male,Yes,0,Graduate,No,9714,3928,140.6404289401456,337.2431268082464,1.0,Urban,Y
LP458086,Male,No,3+,Graduate,,2338,2740,47.893636702803114,358.97778030931295,1.0,Semiurban,N
LP422285,Male,No,2,Graduate,No,6732,5328,145.13149291031206,31.1366766406372,1.0,Urban,Y
LP160326,Male,Yes,0,Not Graduate,No,7166,1215,71.91748145478773,321.90222097821163,,Urban,N
LP554593,Male,Yes,3+,Graduate,No,2765,0,184.07563366119882,407.255717229034,1.0,Urban,Y
LP038195,Male,No,1,Graduate,,6374,417,115.20845443630944,319.7350318060541,1.0,Rural,Y
LP208891,Male,No,1,Graduate,No,7042,1494,27.065150500610557,320.22292779780736,0.0,Semiurban,Y
LP010555,Male,Yes,2,Graduate,No,424,97,240.69299086686527,319.5740148530277,1.0,Rural,Y
LP696750,Male,No,2,Graduate,No,2311,1760,71.35932909423965,263.68471926967936,1.0,Urban,Y
LP929868,Male,Yes,1,Graduate,No,12910,4472,141.47121028421577,63.19651165894993,1.0,Urban,Y
LP934073,Male,Yes,0,Graduate,No,2720,0,111.86853244216123,358.25162429272126,1.0,Rural,N
LP053831,Male,No,0,Not Graduate,No,2035,4405,170.75466800385996,383.00456201773,1.0,Semiurban,Y
LP375225,Male,Yes,3+,Graduate,No,954,0,101.32951679228994,367.4762065464555,0.0,Urban,Y
LP575265,Female,Yes,0,Graduate,,2273,0,74.08374996547136,328.47980649649213,1.0,Urban,Y
LP112304,Male,Yes,0,Graduate,No,4292,0,126.77551951983936,362.2585041924178,1.0,Semiurban,Y
LP394417,Male,Yes,0,Graduate,No,1746,4162,278.618402327842,407.8497887141015,1.0,Rural,Y
